hazard,description,postgres_style_tp,workflow_saga,atp_mnemosyne,rationale
primary_key_unique_duplicate,Duplicate committed record or duplicate operation key.,caught,caught,caught,This is a storage-level uniqueness/idempotency violation.
missing_foreign_key_dependency,A transition references a dependency that does not exist.,caught,caught,caught,This is a storage-level referential-integrity violation.
finite_state_invalid_transition,A proposal attempts an illegal FSM transition.,app-only,caught,caught,A TP substrate can enforce this only if the application encodes the FSM rule; workflow guardrails and ATP naturally check it.
stale_world_proposal,A generated proposal assumes facts no longer true in StateView.,missed,missed,caught,Generic TP executes submitted transactions; ATP checks proposal world assumptions against effective state before authority is granted.
orphaning_compensation_effective_state,A compensation would make effective dependents orphaned.,app-only,partial,caught,A saga may run local compensation but need not check effective-state dependency closure unless the application encodes it.
evidence_destroying_repair,A repair hides the evidence that triggered the repair.,missed,missed,caught,Evidence preservation is an ATP-specific admission rule: a repair must resolve the failure or preserve the triggering evidence.
acr_direct_domain_mutation,An active commitment wakeup mutates domain truth directly.,missed,missed,caught,ATP treats ACR wakeups as non-authoritative; they may only emit proposal packages that re-enter admission.
generative_conflict_scope_collision,Two individually plausible proposals conflict over one scope.,app-only,partial,caught,"TP can serialize rows, but generative conflict scopes are an ATP authority-level declaration over proposal semantics."
duplicate_side_effect_intent,A duplicate provider call or outbox intent is generated.,partial,partial,caught,Outbox/idempotency can partially catch duplicates; ATP stages the intent and admits observed effects as later transitions.
